{
  "project_info": {
    "project_number": "254342021419",
    "firebase_url": "https://entiproject-128fd-default-rtdb.europe-west1.firebasedatabase.app",
    "project_id": "entiproject-128fd",
    "storage_bucket": "entiproject-128fd.appspot.com"
  },
  "client": [
    {
      "client_info": {
        "mobilesdk_app_id": "1:254342021419:android:47a5c7b0241f2baf2e456e",
        "android_client_info": {
          "package_name": "com.example.enti_di_unica_pol_surriel"
        }
      },
      "oauth_client": [
        {
          "client_id": "254342021419-7cjqkmn634oirejudsj8f6djt3tolj21.apps.googleusercontent.com",
          "client_type": 1,
          "android_info": {
            "package_name": "com.example.enti_di_unica_pol_surriel",
            "certificate_hash": "8207e0d17a5c62002787f4f2ae58a789d2cb44b9"
          }
        },
        {
          "client_id": "254342021419-dd64vad72dcbe23v5an2ldejr9pq9ph7.apps.googleusercontent.com",
          "client_type": 3
        }
      ],
      "api_key": [
        {
          "current_key": "AIzaSyDqzgnm_LsBMC0B7GruQ_CqKMMgc4m8vzY"
        }
      ],
      "services": {
        "appinvite_service": {
          "other_platform_oauth_client": [
            {
              "client_id": "254342021419-dd64vad72dcbe23v5an2ldejr9pq9ph7.apps.googleusercontent.com",
              "client_type": 3
            }
          ]
        }
      }
    }
  ],
  "configuration_version": "1"
}